Sample,aa mut.,Percent WT Titer,Std. Dev. Norm.,Selection Value (Transfection 6)
pNJ231,WT,100,7.602000499,1
pNJ248-2,H92A,1.816439995,0.774876269,0.45691
pNJ246-2,N139G,6.791988036,0.899280396,0.69591
pNJ237,N139R,222.1532738,19.61258382,1.48955
pNJ238,A141R,165.6874288,7.713217673,2.104868
pNJ239-2,G144R,132.300774,23.36325707,2.711922
pNJ241,P159R,143.1073032,13.76486766,1.044535
pNJ242,T161R,89.92465735,7.544925524,1.090152
pNJ243,P163R,128.4572744,5.339071435,1.114247
pNJ249-2,A213V,2.197973207,0.43229278,0.34008
pNJ251,A222R,171.8876596,5.603927163,1.655997
pNJ252-3,G225R,93.11185454,9.876670845,1.562242
pNJ250,K340H,2.350821763,0.177485616,0.022574
pNJ253-1,V418I,99.21603305,6.67968995,1.371534
pNJ254-1,Q439T,196.8980694,3.569211886,1.638952
