codon,aa,gc,usage
CTT,L,33.33333333,12.4855687
ATG,M,33.33333333,25.94585523
ACA,T,33.33333333,10.70061818
ACG,T,66.66666667,13.78423616
ATC,I,33.33333333,22.68555919
ATA,I,0,8.215888642
AGG,R,66.66666667,2.562668714
CCT,P,66.66666667,7.899111326
AGC,S,66.66666667,14.99707489
AGA,R,33.33333333,4.465245225
ATT,I,0,29.66900476
CTG,L,66.66666667,46.03670935
CTA,L,33.33333333,4.473373851
ACT,T,33.33333333,11.01620011
CCG,P,100,19.35449629
AGT,S,33.33333333,10.73241545
CCA,P,66.66666667,8.629970386
CCC,P,100,5.630985746
TAT,Y,0,18.33793995
GGT,G,66.66666667,24.92882073
CGA,R,66.66666667,4.027016682
CGC,R,100,18.38264739
CGG,R,100,6.493337277
GGG,G,100,11.5777925
GGA,G,66.66666667,10.60618268
GGC,G,100,25.65824533
TAC,Y,33.33333333,12.0059798
CGT,R,66.66666667,18.91650682
GTA,V,33.33333333,11.8979169
GTC,V,66.66666667,14.04483033
GTG,V,66.66666667,23.46710262
GAG,E,66.66666667,18.80390145
GTT,V,33.33333333,20.03801806
GAC,D,66.66666667,18.83330795
GAA,E,33.33333333,38.0192548
AAG,K,33.33333333,13.04500939
AAA,K,0,35.60194504
AAC,N,33.33333333,21.20280227
CTC,L,66.66666667,10.08355988
CAT,H,33.33333333,12.47337576
AAT,N,0,22.83139629
CAC,H,66.66666667,8.815733385
CAA,Q,33.33333333,14.38360275
CAG,Q,66.66666667,28.11811084
TGT,C,33.33333333,5.345049392
TCT,S,33.33333333,10.94136894
GAT,D,33.33333333,32.88339798
TTT,F,0,22.45915306
TGC,C,66.66666667,5.992470502
TGG,W,66.66666667,13.78017184
TTC,F,33.33333333,15.62226182
TCG,S,66.66666667,8.516647784
TTA,L,0,14.98392564
TTG,L,33.33333333,12.85661655
TCC,S,66.66666667,9.287671816
ACC,T,66.66666667,21.38713081
TCA,S,33.33333333,9.936288312
GCA,A,66.66666667,21.60349569
GCC,A,100,23.86970865
GCG,A,100,27.99068268
GCT,A,66.66666667,17.3550935
TGA,*,33.33333333,60
TAA,*,33.33333333,20
TAG,*,33.33333333,20
